;Denso_SGU;REAL;
;Serial_Output_Var[0];REAL;
;Serial_Output_Var[1];REAL;
;Serial_Output_Var[2];REAL;
;Serial_Output_Var[3];REAL;
;Serial_Output_Var[4];REAL;
;Serial_Output_Var[5];REAL;
;Serial_Output_Var[6];REAL;
;Serial_Output_Var[7];REAL;
;Serial_Output_Var[8];REAL;
;Serial_Output_Var[9];REAL;
;Serial_Output_Var[10];REAL;
;Serial_Output_Var[11];REAL;
;Serial_Output_Var[12];REAL;
;Serial_Output_Var[13];REAL;
;Serial_Output_Var[14];REAL;
;Serial_Output_Var[15];REAL;
;Serial_Output_Var[16];REAL;
;Serial_Output_Var[17];REAL;
;Serial_Output_Var[18];REAL;
;Serial_Output_Var[19];REAL;
;Serial_Output_Var[20];REAL;
;Serial_Output_Var[21];REAL;
;Serial_Output_Var[22];REAL;
;Serial_Output_Var[23];REAL;
;Serial_Output_Var[24];REAL;
;Serial_Output_Var[25];REAL;
;Serial_Output_Var[26];REAL;
;Serial_Output_Var[27];REAL;
;Serial_Output_Var[28];REAL;
;Serial_Out_Ch_Sel;DINT;
;Serial_Output_Var_Ch[0];DINT;
;Serial_Output_Var_Ch[1];DINT;
;Serial_Output_Var_Ch[2];DINT;
;Serial_Output_Var_Ch[3];DINT;
;Serial_Output_Var_Ch[4];DINT;
;Serial_Output_Var_Ch[5];DINT;
;Serial_Output_Var_Ch[6];DINT;
;Serial_Output_Var_Ch[7];DINT;
;Serial_Output_Var_Ch[8];DINT;
;Serial_Output_Var_Ch[9];DINT;
;Serial_Output_Var_Ch[10];DINT;
;Serial_Output_Var_Ch[11];DINT;
;Serial_Output_Var_Ch[12];DINT;
;Serial_Output_Var_Ch[13];DINT;
;Serial_Output_Var_Ch[14];DINT;
;Serial_Output_Var_Ch[15];DINT;
;Serial_Output_Var_Ch[16];DINT;
;Serial_Output_Var_Ch[17];DINT;
;Serial_Output_Var_Ch[18];DINT;
;Serial_Output_Var_Ch[19];DINT;
;Serial_Output_Var_Ch[20];DINT;
;Serial_Output_Var_Ch[21];DINT;
;Serial_Output_Var_Ch[22];DINT;
;Serial_Output_Var_Ch[23];DINT;
;Serial_Output_Var_Ch[24];DINT;
;Serial_Output_Var_Ch[25];DINT;
;Serial_Output_Var_Ch[26];DINT;
;Serial_Output_Var_Ch[27];DINT;
;Serial_Output_Var_Ch[28];DINT;
BlendUnit;SuctionPSIRaw;REAL;
BlendUnit;SuctionPSI.InRawMax;REAL;
BlendUnit;SuctionPSI.InRawmin;REAL;
BlendUnit;SuctionPSI.InEUMax;REAL;
BlendUnit;SuctionPSI.InEUMin;REAL;
BlendUnit;SuctionPSI.DisplayValueRaw;REAL;
BlendUnit;SuctionPSI.DisplayValue;REAL;
BlendUnit;DischargePSIRaw;REAL;
BlendUnit;DischargePSI.InRawMax;REAL;
BlendUnit;DischargePSI.InRawMin;REAL;
BlendUnit;DischargePSI.inEUMax;REAL;
BlendUnit;DischargePSI.InEUMin;REAL;
BlendUnit;DischargePSI.DisplayValueRaw;REAL;
BlendUnit;DischargePSI.DisplayValue;REAL;
BlendUnit;DensitometerRaw;REAL;
BlendUnit;Denso_AVG_Scaled;REAL;
BlendUnit;Densitometer.InRawMax;REAL;
BlendUnit;Densitometer.InRawMin;REAL;
BlendUnit;Densitometer.InEUMax;REAL;
BlendUnit;Densitometer.InEUMin;REAL;
BlendUnit;Densitometer.DisplayValueRaw;REAL;
BlendUnit;Densitometer.DisplayValue;REAL;
BlendUnit;SuctionChargePSIRaw;REAL;
BlendUnit;SuctionChargePSI.InRawMax;REAL;
BlendUnit;SuctionChargePSI.InRawMin;REAL;
BlendUnit;SuctionChargePSI.InEUMax;REAL;
BlendUnit;SuctionChargePSI.InEUMin;REAL;
BlendUnit;SuctionChargePSI.DisplayValueRaw;REAL;
BlendUnit;SuctionChargePSI.DisplayValue;REAL;
BlendUnit;SuctionLoopPSIRaw;REAL;
BlendUnit;SuctionLoopPSI.InRawMax;REAL;
BlendUnit;SuctionLoopPSI.InRawMin;REAL;
BlendUnit;SuctionLoopPSI.InEUMax;REAL;
BlendUnit;SuctionLoopPSI.InEUMin;REAL;
BlendUnit;SuctionLoopPSI.DisplayValueRaw;REAL;
BlendUnit;SuctionLoopPSI.DisplayValue;REAL;
BlendUnit;OpenLoopPSIRaw;REAL;
BlendUnit;OpenLoopPSI.InRawMax;REAL;
BlendUnit;OpenLoopPSI.InRawMin;REAL;
BlendUnit;OpenLoopPSI.InEUMax;REAL;
BlendUnit;OpenLoopPSI.InEUMin;REAL;
BlendUnit;OpenLoopPSI.DisplayValueRaw;REAL;
BlendUnit;OpenLoopPSI.DisplayValue;REAL;
BlendUnit;Densitometer.CalOffset;REAL;
BlendUnit;StagesControl.Disable;BOOL;
BlendUnit;MasterReset;BOOL;
BlendUnit;StagesControl.Start;BOOL;
BlendUnit;StagesControl.Next;BOOL;
BlendUnit;StagesControl.Hold;BOOL;
BlendUnit;StagesControl.Back;BOOL;
BlendUnit;StagesControl.Abort;BOOL;
BlendUnit;StagesControl.JobStatus;DINT;
BlendUnit;StagesControl.StageRunning;DINT;
BlendUnit;StagesControl.StageMax;DINT;
BlendUnit;StagesControl.JobBBLCum;REAL;
BlendUnit;StagesControl.JobBBLSP;REAL;
BlendUnit;StagesControl.StageBBLCum;REAL;
BlendUnit;StagesControl.StageBBLSP;REAL;
BlendUnit;Denso_SGU;REAL;
BlendUnit;StagesControl.StageGALCum;REAL;
BlendUnit;StagesControl.StageGALSP;REAL;
BlendUnit;StagesDisplay[0].StageNumber;DINT;
BlendUnit;StagesDisplay[0].StageName;STRING;
BlendUnit;StagesDisplay[0].TargetRateBPM;REAL;
BlendUnit;StagesDisplay[0].FluidTotalSP;REAL;
BlendUnit;StagesDisplay[0].PropPPA;REAL;
BlendUnit;StagesDisplay[0].PropSGU;REAL;
BlendUnit;StagesDisplay[0].CleanFluidSGU;REAL;
BlendUnit;StagesDisplay[0].StageTotalGal;REAL;
BlendUnit;StagesDisplay[0].StageCumTotalGal;REAL;
BlendUnit;StagesDisplay[1].StageNumber;DINT;
BlendUnit;StagesDisplay[1].StageName;STRING;
BlendUnit;StagesDisplay[1].TargetRateBPM;REAL;
BlendUnit;StagesDisplay[1].FluidTotalSP;REAL;
BlendUnit;StagesDisplay[1].PropPPA;REAL;
BlendUnit;StagesDisplay[1].PropSGU;REAL;
BlendUnit;StagesDisplay[1].CleanFluidSGU;REAL;
BlendUnit;StagesDisplay[1].StageTotalGal;REAL;
BlendUnit;StagesDisplay[1].StageCumTotalGal;REAL;
BlendUnit;StagesDisplay[2].StageNumber;DINT;
BlendUnit;StagesDisplay[2].StageName;STRING;
BlendUnit;StagesDisplay[2].TargetRateBPM;REAL;
BlendUnit;StagesDisplay[2].FluidTotalSP;REAL;
BlendUnit;StagesDisplay[2].PropPPA;REAL;
BlendUnit;StagesDisplay[2].PropSGU;REAL;
BlendUnit;StagesDisplay[2].CleanFluidSGU;REAL;
BlendUnit;StagesDisplay[2].StageTotalGal;REAL;
BlendUnit;StagesDisplay[2].StageCumTotalGal;REAL;
BlendUnit;StagesDisplay[3].StageNumber;DINT;
BlendUnit;StagesDisplay[3].StageName;STRING;
BlendUnit;StagesDisplay[3].TargetRateBPM;REAL;
BlendUnit;StagesDisplay[3].FluidTotalSP;REAL;
BlendUnit;StagesDisplay[3].PropPPA;REAL;
BlendUnit;StagesDisplay[3].PropSGU;REAL;
BlendUnit;StagesDisplay[3].CleanFluidSGU;REAL;
BlendUnit;StagesDisplay[3].StageTotalGal;REAL;
BlendUnit;StagesDisplay[3].StageCumTotalGal;REAL;
BlendUnit;StagesDisplay[4].StageNumber;DINT;
BlendUnit;StagesDisplay[4].StageName;STRING;
BlendUnit;StagesDisplay[4].TargetRateBPM;REAL;
BlendUnit;StagesDisplay[4].FluidTotalSP;REAL;
BlendUnit;StagesDisplay[4].PropPPA;REAL;
BlendUnit;StagesDisplay[4].PropSGU;REAL;
BlendUnit;StagesDisplay[4].CleanFluidSGU;REAL;
BlendUnit;StagesDisplay[4].StageTotalGal;REAL;
BlendUnit;StagesDisplay[4].StageCumTotalGal;REAL;
BlendUnit;StagesDisplay[5].StageNumber;DINT;
BlendUnit;StagesDisplay[5].StageName;STRING;
BlendUnit;StagesDisplay[5].TargetRateBPM;REAL;
BlendUnit;StagesDisplay[5].FluidTotalSP;REAL;
BlendUnit;StagesDisplay[5].PropPPA;REAL;
BlendUnit;StagesDisplay[5].PropSGU;REAL;
BlendUnit;StagesDisplay[5].CleanFluidSGU;REAL;
BlendUnit;StagesDisplay[5].StageTotalGal;REAL;
BlendUnit;StagesDisplay[5].StageCumTotalGal;REAL;
BlendUnit;StagesDisplay[6].StageNumber;DINT;
BlendUnit;StagesDisplay[6].StageName;STRING;
BlendUnit;StagesDisplay[6].TargetRateBPM;REAL;
BlendUnit;StagesDisplay[6].FluidTotalSP;REAL;
BlendUnit;StagesDisplay[6].PropPPA;REAL;
BlendUnit;StagesDisplay[6].PropSGU;REAL;
BlendUnit;StagesDisplay[6].CleanFluidSGU;REAL;
BlendUnit;StagesDisplay[6].StageTotalGal;REAL;
BlendUnit;StagesDisplay[6].StageCumTotalGal;REAL;
BlendUnit;StagesDisplay[7].StageNumber;DINT;
BlendUnit;StagesDisplay[7].StageName;STRING;
BlendUnit;StagesDisplay[7].TargetRateBPM;REAL;
BlendUnit;StagesDisplay[7].FluidTotalSP;REAL;
BlendUnit;StagesDisplay[7].PropPPA;REAL;
BlendUnit;StagesDisplay[7].PropSGU;REAL;
BlendUnit;StagesDisplay[7].CleanFluidSGU;REAL;
BlendUnit;StagesDisplay[7].StageTotalGal;REAL;
BlendUnit;StagesDisplay[7].StageCumTotalGal;REAL;
BlendUnit;StagesDisplay[8].StageNumber;DINT;
BlendUnit;StagesDisplay[8].StageName;STRING;
BlendUnit;StagesDisplay[8].TargetRateBPM;REAL;
BlendUnit;StagesDisplay[8].FluidTotalSP;REAL;
BlendUnit;StagesDisplay[8].PropPPA;REAL;
BlendUnit;StagesDisplay[8].PropSGU;REAL;
BlendUnit;StagesDisplay[8].CleanFluidSGU;REAL;
BlendUnit;StagesDisplay[8].StageTotalGal;REAL;
BlendUnit;StagesDisplay[8].StageCumTotalGal;REAL;
BlendUnit;StagesDisplay[9].StageNumber;DINT;
BlendUnit;StagesDisplay[9].StageName;STRING;
BlendUnit;StagesDisplay[9].TargetRateBPM;REAL;
BlendUnit;StagesDisplay[9].FluidTotalSP;REAL;
BlendUnit;StagesDisplay[9].PropPPA;REAL;
BlendUnit;StagesDisplay[9].PropSGU;REAL;
BlendUnit;StagesDisplay[9].CleanFluidSGU;REAL;
BlendUnit;StagesDisplay[9].StageTotalGal;REAL;
BlendUnit;StagesDisplay[9].StageCumTotalGal;REAL;
BlendUnit;StagesDisplay[0].PropTotalLBS;REAL;
BlendUnit;StagesDisplay[0].PropCumTotalLBS;REAL;
BlendUnit;StagesDisplay[0].StageSuctionTotalGal;REAL;
BlendUnit;StagesDisplay[0].StageSuctionCumTotalGal;REAL;
BlendUnit;StagesDisplay[0].StageDischargeTotalGal;REAL;
BlendUnit;StagesDisplay[0].StageDischargeCumTotalGal;REAL;
BlendUnit;StagesDisplay[1].PropTotalLBS;REAL;
BlendUnit;StagesDisplay[1].PropCumTotalLBS;REAL;
BlendUnit;StagesDisplay[1].StageSuctionTotalGal;REAL;
BlendUnit;StagesDisplay[1].StageSuctionCumTotalGal;REAL;
BlendUnit;StagesDisplay[1].StageDischargeTotalGal;REAL;
BlendUnit;StagesDisplay[1].StageDischargeCumTotalGal;REAL;
BlendUnit;StagesDisplay[2].PropTotalLBS;REAL;
BlendUnit;StagesDisplay[2].PropCumTotalLBS;REAL;
BlendUnit;StagesDisplay[2].StageSuctionTotalGal;REAL;
BlendUnit;StagesDisplay[2].StageSuctionCumTotalGal;REAL;
BlendUnit;StagesDisplay[2].StageDischargeTotalGal;REAL;
BlendUnit;StagesDisplay[2].StageDischargeCumTotalGal;REAL;
BlendUnit;StagesDisplay[3].PropTotalLBS;REAL;
BlendUnit;StagesDisplay[3].PropCumTotalLBS;REAL;
BlendUnit;StagesDisplay[3].StageSuctionTotalGal;REAL;
BlendUnit;StagesDisplay[3].StageSuctionCumTotalGal;REAL;
BlendUnit;StagesDisplay[3].StageDischargeTotalGal;REAL;
BlendUnit;StagesDisplay[3].StageDischargeCumTotalGal;REAL;
BlendUnit;StagesDisplay[4].PropTotalLBS;REAL;
BlendUnit;StagesDisplay[4].PropCumTotalLBS;REAL;
BlendUnit;StagesDisplay[4].StageSuctionTotalGal;REAL;
BlendUnit;StagesDisplay[4].StageSuctionCumTotalGal;REAL;
BlendUnit;StagesDisplay[4].StageDischargeTotalGal;REAL;
BlendUnit;StagesDisplay[4].StageDischargeCumTotalGal;REAL;
BlendUnit;StagesDisplay[5].PropTotalLBS;REAL;
BlendUnit;StagesDisplay[5].PropCumTotalLBS;REAL;
BlendUnit;StagesDisplay[5].StageSuctionTotalGal;REAL;
BlendUnit;StagesDisplay[5].StageSuctionCumTotalGal;REAL;
BlendUnit;StagesDisplay[5].StageDischargeTotalGal;REAL;
BlendUnit;StagesDisplay[5].StageDischargeCumTotalGal;REAL;
BlendUnit;StagesDisplay[6].PropTotalLBS;REAL;
BlendUnit;StagesDisplay[6].PropCumTotalLBS;REAL;
BlendUnit;StagesDisplay[6].StageSuctionTotalGal;REAL;
BlendUnit;StagesDisplay[6].StageSuctionCumTotalGal;REAL;
BlendUnit;StagesDisplay[6].StageDischargeTotalGal;REAL;
BlendUnit;StagesDisplay[6].StageDischargeCumTotalGal;REAL;
BlendUnit;StagesDisplay[7].PropTotalLBS;REAL;
BlendUnit;StagesDisplay[7].PropCumTotalLBS;REAL;
BlendUnit;StagesDisplay[7].StageSuctionTotalGal;REAL;
BlendUnit;StagesDisplay[7].StageSuctionCumTotalGal;REAL;
BlendUnit;StagesDisplay[7].StageDischargeTotalGal;REAL;
BlendUnit;StagesDisplay[7].StageDischargeCumTotalGal;REAL;
BlendUnit;StagesDisplay[8].PropTotalLBS;REAL;
BlendUnit;StagesDisplay[8].PropCumTotalLBS;REAL;
BlendUnit;StagesDisplay[8].StageSuctionTotalGal;REAL;
BlendUnit;StagesDisplay[8].StageSuctionCumTotalGal;REAL;
BlendUnit;StagesDisplay[8].StageDischargeTotalGal;REAL;
BlendUnit;StagesDisplay[8].StageDischargeCumTotalGal;REAL;
BlendUnit;StagesDisplay[9].PropTotalLBS;REAL;
BlendUnit;StagesDisplay[9].PropCumTotalLBS;REAL;
BlendUnit;StagesDisplay[9].StageSuctionTotalGal;REAL;
BlendUnit;StagesDisplay[9].StageSuctionCumTotalGal;REAL;
BlendUnit;StagesDisplay[9].StageDischargeTotalGal;REAL;
BlendUnit;StagesDisplay[9].StageDischargeCumTotalGal;REAL;
BlendUnit;StagesControl.PageDown;BOOL;
BlendUnit;StagesControl.PageUp;BOOL;
BlendUnit;HydraulicTempRaw;INT;
BlendUnit;HydraulicTemp.InRawMax;REAL;
BlendUnit;HydraulicTemp.InRawMin;REAL;
BlendUnit;HydraulicTemp.InEUMax;REAL;
BlendUnit;HydraulicTemp.InEUMin;REAL;
BlendUnit;HydraulicTemp.DisplayValueRaw;REAL;
BlendUnit;HydraulicTemp.AutoMan;BOOL;
BlendUnit;;;
Blendtub;TubLevel.Setpoint;REAL;
Blendtub;TubLevelRaw;REAL;
Blendtub;TubLevel.InRawMax;REAL;
Blendtub;TubLevel.InRawMin;REAL;
Blendtub;TubLevel.InEUMax;REAL;
Blendtub;TubLevel.INEUMin;REAL;
Blendtub;TubLevel.DisplayValueRaw;REAL;
Blendtub;TubLevel.DisplayValue;REAL;
Blendtub;TubLevelFB;REAL;
Blendtub;TubValvePositionRaw;REAL;
Blendtub;TubValvePosition.InRawMax;REAL;
Blendtub;TubValvePosition.InRawMin;REAL;
Blendtub;TubValvePosition.InEUMax;REAL;
Blendtub;TubValvePosition.InEUMin;REAL;
Blendtub;TubValvePosition.DisplayValueRaw;REAL;
Blendtub;TubValvePosition.DisplayValue;REAL;
Blendtub;TubValvePIDOut;REAL;
Blendtub;TubLevelPropGainSetpoint;REAL;
Blendtub;TubValvePosiionFB;REAL;
Blendtub;TubPaddleSpeed.MagTeethPerRev;REAL;
Blendtub;TubPaddleSpeed.MagRPMRaw;REAL;
Blendtub;TubPaddleSpeed.MagRPMOffset;REAL;
Blendtub;TubPaddleSpeed.MagRPM;REAL;
Blendtub;;;
BlendSuctionPump;TubLevelPropGainSetpoint;REAL;
BlendSuctionPump;SuctionPump.Setpoint;REAL;
BlendSuctionPump;SuctionPump.InRawMax;REAL;
BlendSuctionPump;SuctionPump.InRawMin;REAL;
BlendSuctionPump;SuctionPump.InEUMax;REAL;
BlendSuctionPump;SuctionPump.InEUMin;REAL;
BlendSuctionPump;SCL_01.InRawMax;REAL;
BlendSuctionPump;SCL_01.InRawMin;REAL;
BlendSuctionPump;SCL_01.InEUMax;REAL;
BlendSuctionPump;SCL_01.InEUMin;REAL;
BlendSuctionPump;CleanWaterFlowTotalBBL;REAL;
BlendSuctionPump;CleanWaterFlowTotalGAL;REAL;
BlendSuctionPump;SuctionPump_AVGR_Input;REAL;
BlendSuctionPump;SuctionPump.MeterBPM;REAL;
BlendSuctionPump;SuctionMagMeterRaw;INT;
BlendSuctionPump;SuctionPump.MeterGPM;REAL;
BlendSuctionPump;SuctionPump.MagPulsePerGal;REAL;
BlendSuctionPump;SuctionPump.MagGPM;REAL;
BlendSuctionPump;SuctionPump.MagTeethPerRev;REAL;
BlendSuctionPump;SuctionPump.MagRPMRaw;REAL;
BlendSuctionPump;SuctionPump.MagRPMOffset;REAL;
BlendSuctionPump;SuctionPump.MagRPM;REAL;
BlendSuctionPump;ChemValveForceSel;BOOL;
BlendSuctionPump;SuctionPumpForceSel;BOOL;
BlendSuctionPump;SuctionPUmpSpeedPIDout;REAL;
BlendSuctionPump;SCL_SuctionPumpSpeed.InRawMax;REAL;
BlendSuctionPump;SCL_SuctionPumpSpeed.InRawMin;REAL;
BlendSuctionPump;SCL_SuctionPumpSpeed.InEUMax;REAL;
BlendSuctionPump;SCL_SuctionPumpSpeed.InEUMin;REAL;
BlendSuctionPump;SuctionPumpControlRaw;REAL;
BlendSuctionPump;SuctionPumpForce;REAL;
BlendSuctionPump;PIDE_SuctionPump.PGain;REAL;
BlendSuctionPump;PIDE_SuctionPump.IGain;REAL;
BlendSuctionPump;PIDE_SuctionPump.DGain;REAL;
BlendSuctionPump;SCL_02.InRawMax;REAL;
BlendSuctionPump;SuctionPump.Title;STRING;
BlendSuctionPump;Suct_ClickPLC_RateCount;DINT;
BlendSuctionPump;SelectRate_FromClick;BOOL;
BlendSuctionPump;SuctionPump.AutoMan;BOOL;
BlendDischargePump;DischargePumpSpeedRPMRaw1;REAL;
BlendDischargePump;DischargePumpSpeedRPMRaw2;REAL;
BlendDischargePump;DischargePump.InRawMax;REAL;
BlendDischargePump;DischargePump.InRawMin;REAL;
BlendDischargePump;DischargePump.InEUMax;REAL;
BlendDischargePump;DischargePump.InEUMin;REAL;
BlendDischargePump;DischargePump.MeterGPM;REAL;
BlendDischargePump;DischargePump.MeterBPM;REAL;
BlendDischargePump;DischargeMagMeterRaw;INT;
BlendDischargePump;Combin;INT;
BlendDischargePump;DischargePSI.DisplayValue;REAL;
BlendDischargePump;DischargePump.MagPulsePerGal;REAL;
BlendDischargePump;DischargePump.MagGPM;REAL;
BlendDischargePump;DischargePump.MagTeethPerRev;REAL;
BlendDischargePump;DischargePump.MagRPMRaw;REAL;
BlendDischargePump;DischargePump.MagRPMOffset;REAL;
BlendDischargePump;DischargePump.MagRPM;REAL;
Unit;StagesControl.JobStatus;DINT;
BlendSandAdd;SandScrewLoopPSIRaw1;INT;
BlendSandAdd;SandScrewLoopPSI1.InRawMin;REAL;
BlendSandAdd;SandScrewLoopPSI1.InRawMax;REAL;
BlendSandAdd;SandScrewLoopPSI1.InEUMin;REAL;
BlendSandAdd;SandScrewLoopPSI1.InEUMax;REAL;
BlendSandAdd;SandScrewLoopPSI1.DisplayValueRaw;REAL;
BlendSandAdd;SandScrewLoopPSI1.DisplayValue;REAL;
BlendSandAdd;SandScrewChargePSIRaw1;INT;
BlendSandAdd;SandScrewChargePSI1.InRawMin;REAL;
BlendSandAdd;SandScrewChargePSI1.InRawMax;REAL;
BlendSandAdd;SandScrewChargePSI1.InEUMin;REAL;
BlendSandAdd;SandScrewChargePSI1.InEUMax;REAL;
BlendSandAdd;SandScrewChargePSI1.DisplayValueRaw;REAL;
BlendSandAdd;SandScrewChargePSI1.DisplayValue;REAL;
BlendSandAdd;SandScrewLoopPSIRaw2;INT;
BlendSandAdd;SandScrewLoopPSI2.InRawMin;REAL;
BlendSandAdd;SandScrewLoopPSI2.InRawMax;REAL;
BlendSandAdd;SandScrewLoopPSI2.InEUMin;REAL;
BlendSandAdd;SandScrewLoopPSI2.InEUMax;REAL;
BlendSandAdd;SandScrewLoopPSI2.DisplayValueRaw;REAL;
BlendSandAdd;SandScrewLoopPSI2.DisplayValue;REAL;
BlendSandAdd;SandScrewChargePSIRaw2;INT;
BlendSandAdd;SandScrewChargePSI2.InRawMin;REAL;
BlendSandAdd;SandScrewChargePSI2.InRawMax;REAL;
BlendSandAdd;SandScrewChargePSI2.InEUMin;REAL;
BlendSandAdd;SandScrewChargePSI2.InEUMax;REAL;
BlendSandAdd;SandScrewChargePSI2.DisplayValueRaw;REAL;
BlendSandAdd;SandScrewChargePSI2.DisplayValue;REAL;
BlendSandAdd;SandScrewLoopPSIRaw3;INT;
BlendSandAdd;SandScrewLoopPSI3.InRawMin;REAL;
BlendSandAdd;SandScrewLoopPSI3.InRawMax;REAL;
BlendSandAdd;SandScrewLoopPSI3.InEUMin;REAL;
BlendSandAdd;SandScrewLoopPSI3.InEUMax;REAL;
BlendSandAdd;SandScrewLoopPSI3.DisplayValueRaw;REAL;
BlendSandAdd;SandScrewLoopPSI3.DisplayValue;REAL;
BlendSandAdd;SandScrewChargePSIRaw3;INT;
BlendSandAdd;SandScrewChargePSI3.InRawMin;REAL;
BlendSandAdd;SandScrewChargePSI3.InRawMax;REAL;
BlendSandAdd;SandScrewChargePSI3.InEUMin;REAL;
BlendSandAdd;SandScrewChargePSI3.InEUMax;REAL;
BlendSandAdd;SandScrewChargePSI3.DisplayValueRaw;REAL;
BlendSandAdd;SandScrewChargePSI3.DisplayValue;REAL;
BlendSandAdd;SandRatePPG;REAL;
BlendSandAdd;SandScrewsTotalPounds;REAL;
BlendSandAdd;SandScrewTotalPounds1;REAL;
BlendSandAdd;SandScrewRPM1;REAL;
BlendSandAdd;SandScrew1.MagTeethPerRev;REAL;
BlendSandAdd;SandScrew1.MagRPMRaw;REAL;
BlendSandAdd;Sandscrew1.MagRPMOffset;REAL;
BlendSandAdd;SandScrew1.MagRPM;REAL;
BlendSandAdd;SandScrew1.PPR;REAL;
BlendSandAdd;SandScrew1.Reset;BOOL;
BlendSandAdd;SandScrew1.PPM;REAL;
BlendSandAdd;SandScrewTotalPounds2;REAL;
BlendSandAdd;SandScrewRPM2;REAL;
BlendSandAdd;SandScrew2.PPR;REAL;
BlendSandAdd;SandScrew2.Reset;REAL;
BlendSandAdd;SandScrew2.PPM;REAL;
BlendSandAdd;SandScrewTotalPounds3;REAL;
BlendSandAdd;SandScrewRPM3;REAL;
BlendSandAdd;SandScrew3.PPR;REAL;
BlendSandAdd;SandScrew3.Reset;REAL;
BlendSandAdd;SandScrew3.PPM;REAL;
BlendSandAdd;SandScrew2.MagTeethPerRev;REAL;
BlendSandAdd;SandScrew2.MagRPMRaw;REAL;
BlendSandAdd;Sandscrew2.MagRPMOffset;REAL;
BlendSandAdd;SandScrew2.MagRPM;REAL;
BlendSandAdd;SandScrew3.MagTeethPerRev;REAL;
BlendSandAdd;SandScrew3.MagRPMRaw;REAL;
BlendSandAdd;Sandscrew3.MagRPMOffset;REAL;
BlendSandAdd;SandScrew3.MagRPM;REAL;
BlendSandAdd;SandScrewForceSel1;BOOL;
BlendSandAdd;SandScrewSpeedOut1;REAL;
BlendSandAdd;SCL_SandScrewSpeed1.InRawMax;REAL;
BlendSandAdd;SCL_SandScrewSpeed1.InRawMin;REAL;
BlendSandAdd;SCL_SandScrewSpeed1.InEUMax;REAL;
BlendSandAdd;SCL_SandScrewSpeed1.InEUMin;REAL;
BlendSandAdd;SandScrewSpeedRPMRaw1;REAL;
BlendSandAdd;SandScrewForce1;REAL;
BlendSandAdd;SandScrewForceSel2;BOOL;
BlendSandAdd;SandScrewSpeedOut2;REAL;
BlendSandAdd;SCL_SandScrewSpeed2.InRawMax;REAL;
BlendSandAdd;SCL_SandScrewSpeed2.InRawMin;REAL;
BlendSandAdd;SCL_SandScrewSpeed2.InEUMax;REAL;
BlendSandAdd;SCL_SandScrewSpeed2.InEUMin;REAL;
BlendSandAdd;SandScrewSpeedRPMRaw2;REAL;
BlendSandAdd;SandScrewForce2;REAL;
BlendSandAdd;SandScrewForceSel3;BOOL;
BlendSandAdd;SandScrewSpeedOut3;REAL;
BlendSandAdd;SCL_SandScrewSpeed3.InRawMax;REAL;
BlendSandAdd;SCL_SandScrewSpeed3.InRawMin;REAL;
BlendSandAdd;SCL_SandScrewSpeed3.InEUMax;REAL;
BlendSandAdd;SCL_SandScrewSpeed3.InEUMin;REAL;
BlendSandAdd;SandScrewSpeedRPMRaw3;REAL;
BlendSandAdd;SandScrewForce3;REAL;
BlendSandAdd;PIDE_SandScrew1.PGain;REAL;
BlendSandAdd;PIDE_SandScrew1.IGain;REAL;
BlendSandAdd;PIDE_SandScrew1.DGain;REAL;
BlendSandAdd;PIDE_SandScrew2.PGain;REAL;
BlendSandAdd;PIDE_SandScrew2.IGain;REAL;
BlendSandAdd;PIDE_SandScrew2.DGain;REAL;
BlendSandAdd;PIDE_SandScrew3.PGain;REAL;
BlendSandAdd;PIDE_SandScrew3.IGain;REAL;
BlendSandAdd;PIDE_SandScrew3.DGain;REAL;
BlendSandAdd;CLEAN_RATE_TYPE;BOOL;
BlendSandAdd;SandScrewPriority1;DINT;
BlendSandAdd;SandScrewPriority2;DINT;
BlendSandAdd;SandScrewPriority3;DINT;
BlendSandAdd;SandScrewThreshold1;DINT;
BlendSandAdd;SandScrewThreshold2;DINT;
BlendSandAdd;SandScrewThreshold3;DINT;
BlendSandAdd;SandScrew1.AutoMan;BOOL;
BlendSandAdd;SandScrew2.AutoMan;BOOL;
BlendSandAdd;SandScrew3.AutoMan;BOOL;
BlendSandAdd;SandScrewAutoSwitch1;BOOL;
BlendSandAdd;SandScrewAutoSwitch2;BOOL;
BlendSandAdd;SandScrewAutoSwitch3;BOOL;
MainProgram;CurrentPulseCount[16];DINT;
MainProgram;CurrentPulseCount[0];DINT;
MainProgram;RPM_AVG_OUT[0];REAL;
MainProgram;CurrentPulseCount[1];DINT;
MainProgram;RPM_AVG_OUT[1];REAL;
MainProgram;CurrentPulseCount[2];DINT;
MainProgram;RPM_AVG_OUT[2];REAL;
MainProgram;CurrentPulseCount[3];DINT;
MainProgram;RPM_AVG_OUT[3];REAL;
MainProgram;CurrentPulseCount[8];DINT;
MainProgram;RPM_AVG_OUT[8];REAL;
MainProgram;CurrentPulseCount[12];DINT;
MainProgram;RPM_AVG_OUT[12];REAL;
MainProgram;CurrentPulseCount[14];DINT;
MainProgram;RPM_AVG_OUT[13];REAL;
MainProgram;CurrentPulseCount[9];DINT;
MainProgram;RPM_AVG_OUT[9];REAL;
MainProgram;CurrentPulseCount[10];DINT;
MainProgram;RPM_AVG_OUT[10];REAL;
MainProgram;CurrentPulseCount[11];DINT;
MainProgram;RPM_AVG_OUT[11];REAL;
MainProgram;RPM_AVG_OUT[16];REAL;
MainProgram;AsciiEnableInCH0;BOOL;
MainProgram;AsciiEnableInCH1;BOOL;
MainProgram;AsciiEnableOutCH0;BOOL;
MainProgram;AsciiEnableOutCH1;BOOL;
Main;Total_Stages_INT;DINT;
BlendChemAdd1;ChemFlowGPMRaw;INT;
BlendChemAdd1;ChemAdd.InRawMin;REAL;
BlendChemAdd1;ChemAdd.InRawMax;REAL;
BlendChemAdd1;ChemAdd.InEUMin;REAL;
BlendChemAdd1;ChemAdd.InEUMax;REAL;
BlendChemAdd1;ChemAdd.MeterGPM;REAL;
BlendChemAdd1;ChemAdd.MagPulsePerGal;REAL;
BlendChemAdd1;ChemAdd.MagGPM;REAL;
BlendChemAdd1;ChemAdd.MagTeethPerRev;REAL;
BlendChemAdd1;ChemAdd.MagRPMRaw;REAL;
BlendChemAdd1;ChemAdd.MagRPMOffset;REAL;
BlendChemAdd1;ChemAdd.MagRPM;REAL;
BlendChemAdd1;ChemValveForceSel;BOOL;
BlendChemAdd1;PIDE_ChemFlow.CVEU;REAL;
BlendChemAdd1;SCL_ChemFlowValveRaw.InRawMax;REAL;
BlendChemAdd1;SCL_ChemFlowValveRaw.InRawMin;REAL;
BlendChemAdd1;SCL_ChemFlowValveRaw.InEUMax;REAL;
BlendChemAdd1;SCL_ChemFlowValveRaw.InEUMin;REAL;
BlendChemAdd1;ChemHydValveRaw;REAL;
BlendChemAdd1;ChemHydValveForce;REAL;
BlendChemAdd1;ChemAdd.Title;STRING;
BlendChemAdd1;PIDE_ChemFlow.PGain;REAL;
BlendChemAdd1;PIDE_ChemFlow.IGain;REAL;
BlendChemAdd1;PIDE_ChemFlow.DGain;REAL;
BlendChemAdd2;ChemFlowGPMRaw;INT;
BlendChemAdd2;ChemAdd.InRawMin;REAL;
BlendChemAdd2;ChemAdd.InRawMax;REAL;
BlendChemAdd2;ChemAdd.InEUMin;REAL;
BlendChemAdd2;ChemAdd.InEUMax;REAL;
BlendChemAdd2;ChemAdd.MeterGPM;REAL;
BlendChemAdd2;ChemAdd.MagPulsePerGal;REAL;
BlendChemAdd2;ChemAdd.MagGPM;REAL;
BlendChemAdd2;ChemAdd.MagTeethPerRev;REAL;
BlendChemAdd2;ChemAdd.MagRPMRaw;REAL;
BlendChemAdd2;ChemAdd.MagRPMOffset;REAL;
BlendChemAdd2;ChemAdd.MagRPM;REAL;
BlendChemAdd2;ChemValveForceSel;BOOL;
BlendChemAdd2;PIDE_ChemFlow.CVEU;REAL;
BlendChemAdd2;SCL_ChemFlowValveRaw.InRawMax;REAL;
BlendChemAdd2;SCL_ChemFlowValveRaw.InRawMin;REAL;
BlendChemAdd2;SCL_ChemFlowValveRaw.InEUMax;REAL;
BlendChemAdd2;SCL_ChemFlowValveRaw.InEUMin;REAL;
BlendChemAdd2;ChemHydValveRaw;REAL;
BlendChemAdd2;ChemHydValveForce;REAL;
BlendChemAdd2;ChemAdd.Title;STRING;
BlendChemAdd2;PIDE_ChemFlow.PGain;REAL;
BlendChemAdd2;PIDE_ChemFlow.IGain;REAL;
BlendChemAdd2;PIDE_ChemFlow.DGain;REAL;
BlendChemAdd2;;;
BlendChemAdd3;ChemFlowGPMRaw;INT;
BlendChemAdd3;ChemAdd.InRawMin;REAL;
BlendChemAdd3;ChemAdd.InRawMax;REAL;
BlendChemAdd3;ChemAdd.InEUMin;REAL;
BlendChemAdd3;ChemAdd.InEUMax;REAL;
BlendChemAdd3;ChemAdd.MeterGPM;REAL;
BlendChemAdd3;ChemAdd.MagPulsePerGal;REAL;
BlendChemAdd3;ChemAdd.MagGPM;REAL;
BlendChemAdd3;ChemAdd.MagTeethPerRev;REAL;
BlendChemAdd3;ChemAdd.MagRPMRaw;REAL;
BlendChemAdd3;ChemAdd.MagRPMOffset;REAL;
BlendChemAdd3;ChemAdd.MagRPM;REAL;
BlendChemAdd3;ChemValveForceSel;BOOL;
BlendChemAdd3;PIDE_ChemFlow.CVEU;REAL;
BlendChemAdd3;SCL_ChemFlowValveRaw.InRawMax;REAL;
BlendChemAdd3;SCL_ChemFlowValveRaw.InRawMin;REAL;
BlendChemAdd3;SCL_ChemFlowValveRaw.InEUMax;REAL;
BlendChemAdd3;SCL_ChemFlowValveRaw.InEUMin;REAL;
BlendChemAdd3;ChemHydValveRaw;REAL;
BlendChemAdd3;ChemHydValveForce;REAL;
BlendChemAdd3;ChemAdd.Title;STRING;
BlendChemAdd3;PIDE_ChemFlow.PGain;REAL;
BlendChemAdd3;PIDE_ChemFlow.IGain;REAL;
BlendChemAdd3;PIDE_ChemFlow.DGain;REAL;
BlendChemAdd4;ChemFlowGPMRaw;INT;
BlendChemAdd4;ChemAdd.InRawMin;REAL;
BlendChemAdd4;ChemAdd.InRawMax;REAL;
BlendChemAdd4;ChemAdd.InEUMin;REAL;
BlendChemAdd4;ChemAdd.InEUMax;REAL;
BlendChemAdd4;ChemAdd.MeterGPM;REAL;
BlendChemAdd4;ChemAdd.MagPulsePerGal;REAL;
BlendChemAdd4;ChemAdd.MagGPM;REAL;
BlendChemAdd4;ChemAdd.MagTeethPerRev;REAL;
BlendChemAdd4;ChemAdd.MagRPMRaw;REAL;
BlendChemAdd4;ChemAdd.MagRPMOffset;REAL;
BlendChemAdd4;ChemAdd.MagRPM;REAL;
BlendChemAdd4;ChemValveForceSel;REAL;
BlendChemAdd4;PIDE_ChemFlow.CVEU;REAL;
BlendChemAdd4;SCL_ChemFlowValveRaw.InRawMax;REAL;
BlendChemAdd4;SCL_ChemFlowValveRaw.InRawMin;REAL;
BlendChemAdd4;SCL_ChemFlowValveRaw.InEUMax;REAL;
BlendChemAdd4;SCL_ChemFlowValveRaw.InEUMin;REAL;
BlendChemAdd4;ChemHydValveRaw;REAL;
BlendChemAdd4;ChemHydValveForce;REAL;
BlendChemAdd4;ChemAdd.Title;STRING;
BlendChemAdd4;PIDE_ChemFlow.PGain;REAL;
BlendChemAdd4;PIDE_ChemFlow.IGain;REAL;
BlendChemAdd4;PIDE_ChemFlow.DGain;REAL;
BlendChemAdd5;ChemAdd.Title;STRING;
BlendChemAdd5;PIDE_ChemFlow.PGain;REAL;
BlendChemAdd5;PIDE_ChemFlow.IGain;REAL;
BlendChemAdd5;PIDE_ChemFlow.DGain;REAL;
BlendChemAdd6;ChemAdd.Title;STRING;
BlendChemAdd6;PIDE_ChemFlow.PGain;REAL;
BlendChemAdd6;PIDE_ChemFlow.IGain;REAL;
BlendChemAdd6;PIDE_ChemFlow.DGain;REAL;
BlendChemAdd7;ChemAdd.Title;STRING;
BlendChemAdd7;PIDE_ChemFlow.PGain;REAL;
BlendChemAdd7;PIDE_ChemFlow.IGain;REAL;
BlendChemAdd7;PIDE_ChemFlow.DGain;REAL;
BlendChemAdd8;ChemAdd.Title;STRING;
BlendChemAdd8;PIDE_ChemFlow.PGain;REAL;
BlendChemAdd8;PIDE_ChemFlow.IGain;REAL;
BlendChemAdd8;PIDE_ChemFlow.DGain;REAL;
BlendDryAdd1;ChemAdd.MagPulsePerGal;REAL;
BlendDryAdd1;ChemAdd.MagGPM;REAL;
BlendDryAdd1;ChemAdd.MagTeethPerRev;REAL;
BlendDryAdd1;ChemAdd.MagRPMRaw;REAL;
BlendDryAdd1;ChemAdd.MagRPMOffset;REAL;
BlendDryAdd1;ChemAdd.MagRPM;REAL;
BlendDryAdd1;ChemValveForceSel;BOOL;
BlendDryAdd1;PIDE_ChemFlow.CVEU;REAL;
BlendDryAdd1;SCL_ChemFlowValveRaw.InRawMax;REAL;
BlendDryAdd1;SCL_ChemFlowValveRaw.InRawMin;REAL;
BlendDryAdd1;SCL_ChemFlowValveRaw.InEUMax;REAL;
BlendDryAdd1;SCL_ChemFlowValveRaw.InEUMin;REAL;
BlendDryAdd1;ChemHydValveRaw;REAL;
BlendDryAdd1;ChemHydValveForce;REAL;
BlendDryAdd1;ChemAdd.Title;STRING;
BlendDryAdd1;PIDE_ChemFlow.PGain;REAL;
BlendDryAdd1;PIDE_ChemFlow.IGain;REAL;
BlendDryAdd1;PIDE_ChemFlow.DGain;REAL;
BlendDryAdd2;ChemAdd.Title;STRING;
BlendDryAdd2;PIDE_ChemFlow.PGain;REAL;
BlendDryAdd2;PIDE_ChemFlow.IGain;REAL;
BlendDryAdd2;PIDE_ChemFlow.DGain;REAL;
DragonChemHydBlend;Denso_SGU;REAL;
DragonChemHydBlend;Denso_Analog;REAL;
DragonChemHydBlend;Discharge_Freq_In;DINT;
DragonChemHydBlend;Suction_Freq_In;DINT;
DragonChemHydBlend;Local:6:I.Ctr0CurrentRate;DINT;
DragonChemHydBlend;Local:6:I.Ctr1CurrentRate;DINT;
DragonChemHydBlend;BlenderCleanRateBPM;REAL;
DragonChemHydBlend;BlenderCleanRateGPM;REAL;
DragonChemHydBlend;TurbFreq1;INT;
DragonChemHydBlend;Turb_Freq_1;DINT;
